{
  "oldParams": true,
  "wave_type": 0,
  "p_env_attack": 0,
  "p_env_sustain": 0.3206669789528117,
  "p_env_punch": 0,
  "p_env_decay": 0.23007366288553419,
  "p_base_freq": 0.4550358030002608,
  "p_freq_limit": 0,
  "p_freq_ramp": 0.14787538595647592,
  "p_freq_dramp": 0,
  "p_vib_strength": 0,
  "p_vib_speed": 0,
  "p_arp_mod": 0,
  "p_arp_speed": 0,
  "p_duty": 0.010926741397845685,
  "p_duty_ramp": 0,
  "p_repeat_speed": 0,
  "p_pha_offset": 0,
  "p_pha_ramp": 0,
  "p_lpf_freq": 0.9194893906379795,
  "p_lpf_ramp": 0,
  "p_lpf_resonance": 0,
  "p_hpf_freq": 0.1795835658624423,
  "p_hpf_ramp": 0,
  "sound_vol": 0.25,
  "sample_rate": 44100,
  "sample_size": 8
}